{
  "timestamp": "2025-12-31T14:02:04.875500",
  "base": {
    "arc_challenge": 0.4812286689419795,
    "commonsense_qa": 0.8271908271908271,
    "gsm8k": 0.7543593631539045,
    "hellaswag": 0.5452101175064729,
    "winogrande": 0.7032359905288083
  },
  "sft": {
    "arc_challenge": 0.5418088737201365,
    "commonsense_qa": 0.814086814086814,
    "gsm8k": 0.7854435178165277,
    "hellaswag": 0.581557458673571,
    "winogrande": 0.6898184688239937
  },
  "dpo": {
    "arc_challenge": 0.5469283276450512,
    "commonsense_qa": 0.7993447993447993,
    "gsm8k": 0.7952994692949203,
    "hellaswag": 0.6191993626767576,
    "winogrande": 0.6787687450670876
  }
}